movie_id,actor_id
2,1
3,1
3,2
3,3
3,4
3,5
5,25
5,24
5,23
5,22
5,21
5,20
5,19
5,18
5,17
5,16
5,15
5,14
5,13
5,12
5,11
5,10
5,9
5,8
5,7
5,6
6,37
6,36
6,35
6,34
6,33
6,32
6,28
6,30
6,29
6,27
6,26
6,31
11,97
11,96
11,95
11,94
11,93
11,92
11,91
11,90
11,87
11,88
11,86
11,85
11,84
11,83
11,82
11,81
11,98
11,89
11,99
11,118
11,101
11,80
11,117
11,116
11,115
11,114
11,113
11,112
11,111
11,110
11,109
11,108
11,107
11,106
11,105
11,104
11,103
11,102
11,100
11,79
11,77
11,39
11,55
11,54
11,53
11,52
11,51
11,50
11,49
11,48
11,47
11,46
11,45
11,43
11,42
11,41
11,40
11,78
11,38
11,56
11,57
11,44
11,59
11,58
11,76
11,75
11,74
11,73
11,71
11,70
11,69
11,72
11,67
11,66
11,65
11,64
11,63
11,62
11,61
11,68
11,60
12,132
12,133
12,134
12,138
12,136
12,137
12,131
12,139
12,135
12,130
12,123
12,128
12,129
12,120
12,121
12,122
12,119
12,125
12,126
12,127
12,124
13,165
13,159
13,160
13,161
13,162
13,163
13,166
13,158
13,168
13,169
13,170
13,171
13,172
13,173
13,167
13,157
13,164
13,155
13,140
13,142
13,143
13,144
13,145
13,146
13,147
13,141
13,156
13,149
13,150
13,151
13,152
13,153
13,154
13,148
14,192
14,193
14,194
14,195
14,196
14,197
14,201
14,199
14,200
14,202
14,203
14,204
14,191
14,198
14,189
14,190
14,188
14,132
14,174
14,175
14,176
14,178
14,179
14,180
14,177
14,182
14,183
14,184
14,185
14,186
14,187
14,181
15,235
15,229
15,228
15,230
15,231
15,232
15,233
15,234
15,236
15,244
15,238
15,239
15,240
15,246
15,242
15,243
15,245
15,227
15,237
15,226
15,241
15,224
15,225
15,205
15,206
15,207
15,208
15,209
15,210
15,212
15,213
15,211
15,215
15,223
15,214
15,221
15,220
15,222
15,218
15,217
15,216
15,219
16,256
16,261
16,260
16,259
16,258
16,257
16,255
16,144
16,253
16,254
16,252
16,251
16,250
16,249
16,248
16,247
17,266
17,265
17,264
17,263
17,262
18,289
18,290
18,288
18,291
18,292
18,293
18,294
18,295
18,301
18,296
18,297
18,298
18,299
18,300
18,302
18,303
18,287
18,304
18,15
18,275
18,285
18,286
18,267
18,268
18,269
18,270
18,271
18,273
18,274
18,272
18,277
18,278
18,279
18,280
18,281
18,282
18,283
18,284
18,276
19,313
19,318
19,317
19,316
19,315
19,314
19,312
19,305
19,310
19,309
19,308
19,307
19,306
19,311
20,324
20,319
20,320
20,321
20,322
20,323
20,325
21,326
22,327
22,349
22,350
22,351
22,352
22,353
22,354
22,355
22,356
22,357
22,358
22,359
22,360
22,361
22,362
22,364
22,365
22,366
22,348
22,122
22,363
22,346
22,328
22,329
22,330
22,331
22,332
22,333
22,347
22,335
22,336
22,334
22,338
22,339
22,340
22,341
22,342
22,343
22,344
22,345
22,337
24,383
24,384
24,385
24,386
24,387
24,394
24,389
24,390
24,391
24,392
24,393
24,382
24,388
24,381
24,374
24,379
24,367
24,368
24,380
24,370
24,371
24,369
24,373
24,375
24,376
24,377
24,378
24,372
25,402
25,408
25,407
25,406
25,405
25,403
25,185
25,404
25,400
25,399
25,401
25,398
25,397
25,396
25,395
26,409
26,410
27,411
27,412
28,427
28,428
28,429
28,430
28,431
28,436
28,433
28,434
28,435
28,426
28,432
28,424
28,425
28,416
28,422
28,89
28,421
28,420
28,419
28,418
28,417
28,423
28,415
28,414
28,413
30,437
33,452
33,453
33,454
33,455
33,456
33,451
33,457
33,458
33,459
33,460
33,461
33,450
33,442
33,448
33,449
33,439
33,440
33,441
33,438
33,444
33,445
33,446
33,447
33,443
35,470
35,131
35,475
35,474
35,473
35,472
35,471
35,469
35,466
35,467
35,465
35,156
35,464
35,463
35,462
35,468
38,483
38,488
38,487
38,485
38,484
38,482
38,486
38,480
38,479
38,478
38,481
38,477
38,476
55,509
55,508
55,507
55,506
55,505
55,504
55,502
55,501
55,500
55,499
55,503
55,497
55,496
55,495
55,494
55,493
55,492
55,491
55,490
55,489
55,498
58,516
58,517
58,518
58,337
58,331
58,519
58,522
58,521
58,122
58,277
58,338
58,515
58,520
58,514
58,348
58,357
58,349
58,344
58,513
58,351
58,352
58,512
58,511
58,347
58,346
58,355
58,359
58,510
59,530
59,531
59,529
59,533
59,532
59,528
59,523
59,526
59,525
59,264
59,524
59,527
62,546
62,545
62,544
62,543
62,542
62,541
62,540
62,69
62,538
62,537
62,536
62,535
62,534
62,63
62,539
63,586
63,585
63,584
63,583
63,582
63,581
63,579
63,576
63,162
63,578
63,577
63,587
63,580
63,588
63,598
63,590
63,591
63,592
63,593
63,594
63,595
63,596
63,597
63,599
63,602
63,600
63,601
63,250
63,589
63,575
63,549
63,573
63,574
63,548
63,550
63,551
63,552
63,553
63,554
63,555
63,556
63,557
63,558
63,559
63,152
63,547
63,561
63,15
63,572
63,571
63,569
63,568
63,570
63,566
63,565
63,564
63,563
63,562
63,567
63,560
64,609
64,614
64,613
64,612
64,611
64,610
64,319
64,607
64,606
64,605
64,604
64,603
64,608
65,623
65,622
65,621
65,620
65,618
65,617
65,616
65,615
65,619
66,628
66,418
66,629
66,528
66,627
66,625
66,444
66,626
66,443
66,624
67,630
67,631
67,632
68,646
68,357
68,645
68,288
68,643
68,642
68,641
68,644
68,639
68,638
68,637
68,636
68,635
68,634
68,633
68,640
69,663
69,664
69,665
69,666
69,668
69,669
69,673
69,671
69,672
69,674
69,675
69,662
69,670
69,661
69,667
69,659
69,660
69,647
69,648
69,649
69,650
69,652
69,651
69,654
69,655
69,656
69,657
69,658
69,653
70,694
70,690
70,691
70,692
70,693
70,695
70,701
70,697
70,698
70,699
70,700
70,689
70,702
70,696
70,688
70,682
70,686
70,676
70,677
70,446
70,678
70,687
70,443
70,679
70,621
70,681
70,395
70,683
70,684
70,685
70,680
71,708
71,710
71,709
71,707
71,703
71,705
71,704
71,706
73,732
73,733
73,734
73,735
73,736
73,737
73,738
73,739
73,741
73,731
73,742
73,743
73,744
73,745
73,746
73,748
73,749
73,740
73,730
73,747
73,728
73,729
73,711
73,713
73,714
73,715
73,716
73,717
73,718
73,712
73,720
73,721
73,722
73,723
73,724
73,725
73,726
73,727
73,719
74,765
74,766
74,767
74,768
74,769
74,773
74,771
74,772
74,774
74,775
74,776
74,764
74,770
74,763
74,759
74,446
74,762
74,751
74,752
74,753
74,754
74,750
74,756
74,757
74,758
74,760
74,761
74,755
75,787
75,794
75,793
75,792
75,795
75,791
75,790
75,789
75,788
75,786
75,780
75,784
75,196
75,783
75,782
75,781
75,779
75,778
75,777
75,785
76,801
76,800
76,799
76,796
76,797
76,798
77,809
77,812
77,811
77,810
77,808
77,804
77,806
77,805
77,803
77,802
77,807
78,821
78,827
78,826
78,825
78,824
78,823
78,822
78,292
78,371
78,820
78,819
78,818
78,817
78,89
78,816
78,815
78,814
78,813
79,838
79,837
79,836
79,834
79,833
79,835
79,824
79,831
79,830
79,829
79,828
79,832
80,844
80,843
80,842
80,841
80,840
80,799
80,839
80,798
81,852
81,856
81,855
81,854
81,853
81,851
81,857
81,849
81,848
81,847
81,846
81,845
81,850
82,511
82,872
82,871
82,869
82,868
82,867
82,866
82,870
82,864
82,863
82,862
82,861
82,860
82,859
82,858
82,865
83,873
83,874
83,875
85,898
85,89
85,892
85,893
85,894
85,897
85,895
85,51
85,45
85,896
85,890
85,43
85,889
85,891
85,887
85,888
85,876
85,878
85,879
85,880
85,881
85,877
85,883
85,100
85,884
85,885
85,886
85,882
86,911
86,919
86,918
86,917
86,916
86,915
86,914
86,913
86,912
86,910
86,906
86,908
86,907
86,905
86,904
86,903
86,902
86,901
86,900
86,899
86,909
87,930
87,931
87,932
87,936
87,934
87,89
87,935
87,933
87,928
87,929
87,926
87,920
87,921
87,898
87,922
87,927
87,924
87,878
87,925
87,923
88,947
88,955
88,954
88,953
88,952
88,951
88,950
88,948
88,946
88,949
88,944
88,943
88,942
88,941
88,940
88,939
88,938
88,937
88,945
89,971
89,972
89,888
89,973
89,974
89,975
89,878
89,59
89,977
89,895
89,897
89,978
89,889
89,970
89,976
89,969
89,965
89,968
89,89
89,887
89,956
89,957
89,958
89,960
89,840
89,959
89,962
89,963
89,964
89,966
89,967
89,961
90,987
90,991
90,990
90,989
90,988
90,986
90,981
90,984
90,983
90,982
90,980
90,979
90,985
91,992
93,1002
93,1007
93,1006
93,1005
93,1004
93,1003
93,1001
93,998
93,999
93,993
93,994
93,995
93,1000
93,997
93,996
95,1040
95,1041
95,1042
95,1043
95,251
95,1044
95,1045
95,1046
95,1047
95,1048
95,1049
95,1050
95,1051
95,1052
95,15
95,1054
95,1039
95,1056
95,1057
95,1058
95,1059
95,1060
95,1061
95,1062
95,1063
95,1064
95,1065
95,1066
95,1067
95,1053
95,1055
95,1038
95,1036
95,1008
95,1009
95,1010
95,1011
95,1012
95,1013
95,1014
95,1015
95,1016
95,1017
95,1037
95,1019
95,1020
95,1021
95,1018
95,1023
95,1035
95,1034
95,1022
95,1032
95,1031
95,1030
95,1033
95,1028
95,1027
95,1026
95,257
95,1025
95,1024
95,1029
96,985
96,989
96,983
96,982
96,1077
96,1076
96,1078
96,1074
96,1075
96,1072
96,988
96,1071
96,294
96,1070
96,1069
96,1068
96,1073
97,1086
97,1084
97,1083
97,1085
97,1081
97,1080
97,1079
97,1082
98,1100
98,1101
98,1102
98,1103
98,1104
98,1105
98,1106
98,1107
98,1108
98,1109
98,1110
98,1099
98,355
98,456
98,510
98,1097
98,1087
98,1088
98,1098
98,1090
98,1091
98,1092
98,1089
98,1094
98,1095
98,1096
98,667
98,1093
99,1121
99,1127
99,1126
99,1125
99,1124
99,1123
99,1122
99,1120
99,1113
99,1118
99,1117
99,1116
99,1115
99,1114
99,1112
99,1111
99,1119
100,1138
100,1140
100,1141
100,1144
100,1143
100,1137
100,1145
100,1142
100,1136
100,1139
100,278
100,1134
100,1133
100,1132
100,1131
100,1130
100,1129
100,1128
100,1135
101,1160
101,287
101,1161
101,1162
101,1163
101,1164
101,1169
101,1166
101,1167
101,792
101,1168
101,1159
101,1165
101,1158
101,1148
101,284
101,1157
101,1146
101,1147
101,1149
101,303
101,1150
101,1152
101,1153
101,1154
101,1155
101,1156
101,1151
102,1175
102,1178
102,1177
102,1176
102,1174
102,1171
102,1172
102,255
102,1170
102,1173
103,1187
103,1192
103,1191
103,1193
103,1189
103,1188
103,1186
103,1190
103,1185
103,1184
103,1183
103,1182
103,1181
103,1180
103,1179
103,131
104,1202
104,1201
104,1200
104,1199
104,1198
104,900
104,1197
104,1196
104,916
104,1195
104,1194
105,1225
105,1226
105,1227
105,1228
105,1229
105,1230
105,1231
105,1232
105,1233
105,1243
105,1235
105,1236
105,1237
105,1238
105,1239
105,1240
105,1241
105,1242
105,1224
105,1234
105,779
105,1209
105,1222
105,1203
105,1205
105,1206
105,1207
105,1208
105,1223
105,1210
105,1211
105,1212
105,1204
105,1214
105,1215
105,1216
105,1217
105,1218
105,1219
105,1220
105,1221
105,1213
106,1251
106,1250
106,1249
106,1248
106,1246
106,1245
106,1244
106,1247
107,1258
107,1266
107,273
107,1265
107,1264
107,1263
107,1262
107,1260
107,1259
107,516
107,1261
107,1256
107,1133
107,1255
107,1254
107,1253
107,1141
107,1131
107,1130
107,1252
107,1257
108,1271
108,1270
108,1269
108,1268
108,798
108,1267
109,798
109,1272
109,1273
109,1274
109,1275
109,1276
110,1270
110,1272
110,1280
110,1277
110,1278
110,798
110,1279
111,1302
111,1303
111,1304
111,1305
111,1306
111,1307
111,1308
111,1309
111,1310
111,1312
111,1313
111,1314
111,1315
111,1316
111,1317
111,1301
111,1311
111,1300
111,1297
111,1298
111,1281
111,1282
111,1283
111,1284
111,1285
111,1287
111,1288
111,1289
111,1286
111,1291
111,1292
111,1293
111,1294
111,1295
111,1296
111,1299
111,1290
112,1324
112,1318
112,1319
112,1320
112,1321
112,1322
112,1323
113,1326
113,1327
113,1325
114,1334
114,470
114,1328
114,1329
114,1330
114,1331
114,1332
114,1333
114,960
114,1335
114,1336
114,1337
115,1355
115,1354
115,1351
115,1352
115,1356
115,1353
115,1357
115,1364
115,1359
115,1360
115,1361
115,1362
115,1363
115,1358
115,1018
115,1338
115,1349
115,1350
115,999
115,1340
115,1341
115,1342
115,1343
115,1339
115,1345
115,1346
115,1347
115,1348
115,1086
115,1344
116,1377
116,1378
116,1379
116,1380
116,1381
116,1384
116,1383
116,1385
116,1386
116,1376
116,1382
116,1255
116,1370
116,1374
116,1366
116,1367
116,1368
116,543
116,1365
116,1375
116,1371
116,1372
116,1373
116,1369
117,1398
117,1407
117,1406
117,1405
117,1404
117,1403
117,1402
117,1401
117,1400
117,1399
117,1397
117,1408
117,1395
117,1396
117,1387
117,1388
117,1389
117,1390
117,969
117,1391
117,1392
117,1393
117,1394
117,1192
118,1426
118,1423
118,1424
118,1425
118,1427
118,1433
118,1429
118,1430
118,1431
118,1432
118,1434
118,1428
118,1422
118,1420
118,348
118,1409
118,1421
118,1411
118,1412
118,1413
118,1410
118,1415
118,1416
118,1417
118,1418
118,1419
118,1414
120,1038
120,265
120,347
120,1443
120,1442
120,524
120,1441
120,888
120,476
120,1430
120,1439
120,1438
120,288
120,1437
120,1436
120,1435
120,1440
121,524
121,1443
121,476
121,1456
121,1457
121,1442
121,1459
121,1437
121,1458
121,347
121,773
121,1460
121,1461
121,1441
121,888
121,1038
121,1430
121,1440
121,1455
121,265
121,1445
121,1446
121,1447
121,1448
121,1444
121,1450
121,1451
121,1452
121,1453
121,1454
121,1449
122,1430
122,347
122,1441
122,524
122,1443
122,888
122,476
122,1460
122,1442
122,1466
122,1038
122,1435
122,1464
122,1439
122,1462
122,1463
122,1465
122,1458
122,265
122,1455
122,1456
122,1453
122,1440
122,773
122,288
123,1472
123,933
123,1475
123,1474
123,1473
123,1471
123,1470
123,1469
123,1468
123,1467
123,91
124,1476
124,1477
124,1274
124,1478
124,1479
127,1487
127,1492
127,1491
127,1490
127,1489
127,1486
127,1488
127,1484
127,1483
127,1485
127,1482
127,1481
127,1480
127,1275
128,855
128,1501
128,853
128,1500
128,1499
128,1502
128,1497
128,1496
128,1495
128,1494
128,1493
128,1498
129,1512
129,1511
129,1510
129,1493
129,1509
129,1507
129,1506
129,1505
129,1504
129,1503
129,1508
132,1519
132,1523
132,1522
132,1520
132,1518
132,1521
132,1516
132,1515
132,1514
132,1513
132,1517
133,1524
133,1525
134,1539
134,1537
134,1536
134,1535
134,1534
134,1533
134,1532
134,1538
134,1530
134,1529
134,1528
134,1527
134,1526
134,1343
134,1531
135,1540
135,1541
135,1542
136,1550
136,1549
136,1548
136,1547
136,1545
136,1544
136,1543
136,1546
137,623
137,1564
137,1563
137,1562
137,980
137,1561
137,1560
137,1045
137,1559
137,1557
137,1556
137,1558
137,1555
137,1554
137,808
137,1553
137,1552
137,1551
138,1576
138,1575
138,1574
138,1573
138,1572
138,1571
138,1569
138,1568
138,1567
138,1566
138,1565
138,1570
139,1584
139,1588
139,1587
139,1320
139,1586
139,1585
139,1583
139,1577
139,1581
139,255
139,1580
139,1579
139,1578
139,1582
140,1602
140,1601
140,1600
140,1599
140,1598
140,507
140,1597
140,1596
140,1594
140,319
140,607
140,1593
140,1592
140,1591
140,1590
140,1589
140,1595
141,1618
141,1619
141,1620
141,1621
141,406
141,1624
141,949
141,1623
141,1625
141,1626
141,1627
141,1622
141,1617
141,1614
141,1615
141,1603
141,1604
141,1605
141,1616
141,1607
141,1606
141,1609
141,1610
141,1611
141,1612
141,1613
141,1608
142,1634
142,1637
142,1638
142,1635
142,1633
142,1636
142,1631
142,1628
142,406
142,1632
142,1630
142,1629
143,1653
143,1652
143,1651
143,1650
143,1649
143,1648
143,1646
143,1647
143,1644
143,1643
143,1642
143,1641
143,1640
143,1639
143,1645
144,1659
144,1661
144,1660
144,1658
144,1654
144,1656
144,1655
144,1657
145,1662
145,1663
145,261
145,1664
145,260
145,1665
145,257
145,1666
146,1671
146,830
146,1670
146,1673
146,1668
146,1669
146,1672
146,1667
147,1674
147,1675
147,1676
147,1677
147,1678
147,1679
147,1680
147,1681
147,1682
147,1683
147,1684
148,1688
148,767
148,1136
148,1686
148,1687
148,859
148,320
148,607
148,1685
149,1689
149,1690
149,1691
149,1692
149,1693
149,1694
149,1695
150,1707
150,1708
150,1709
150,1710
150,1711
150,1716
150,1712
150,1713
150,1714
150,1715
150,426
150,1229
150,1717
150,1706
150,1704
150,1696
150,988
150,1705
150,1698
150,1244
150,1697
150,1699
150,1700
150,1701
150,1702
150,1703
150,292
152,1731
152,1730
152,1729
152,1728
152,1727
152,1725
152,1726
152,1723
152,1722
152,1721
152,1720
152,1719
152,1718
152,1724
153,1738
153,1737
153,1736
153,1735
153,1734
153,1733
153,1631
153,1371
153,1552
153,1732
154,1718
154,1745
154,1725
154,1744
154,1724
154,1722
154,1721
154,1743
154,1742
154,1741
154,1740
154,1723
154,1739
154,1720
155,1789
155,1788
155,1787
155,1786
155,1785
155,1784
155,1781
155,1782
155,1790
155,1780
155,1779
155,1778
155,294
155,1777
155,1783
155,1398
155,1806
155,1792
155,1776
155,1805
155,1804
155,1803
155,1802
155,1801
155,1791
155,1800
155,1798
155,1797
155,1796
155,1795
155,1794
155,1793
155,1799
155,1775
155,1758
155,1773
155,1774
155,1746
155,1747
155,1043
155,1748
155,1749
155,1750
155,1751
155,1752
155,1753
155,1754
155,1755
155,1756
155,1757
155,1637
155,1759
155,1765
155,1624
155,1760
155,446
155,1761
155,1762
155,1763
155,1764
155,287
155,1766
155,1767
155,1768
155,1769
155,1770
155,1771
155,1772
156,1664
156,1809
156,1810
156,1808
156,1172
156,1807
157,1718
157,1724
157,1722
157,1725
157,1721
157,1814
157,1723
157,1744
157,1242
157,1813
157,1727
157,1812
157,1811
157,1720
158,1823
158,1829
158,1828
158,1830
158,1827
158,1826
158,1825
158,1824
158,902
158,1816
158,1821
158,1820
158,1819
158,1818
158,1817
158,817
158,1815
158,916
158,1822
159,1834
159,1830
159,1815
159,1833
159,1835
159,899
159,1197
159,1202
159,1831
159,1832
161,1851
161,1850
161,1849
161,1848
161,1847
161,420
161,1846
161,1844
161,1843
161,1842
161,1845
161,1840
161,718
161,1839
161,1838
161,1837
161,1332
161,1394
161,1836
161,574
161,1527
161,1841
162,1865
162,1866
162,1867
162,789
162,1868
162,1873
162,348
162,1870
162,1871
162,1872
162,1874
162,1869
162,1864
162,1767
162,1862
162,1863
162,1853
162,1854
162,1855
162,1856
162,1852
162,1858
162,1859
162,169
162,1860
162,1861
162,1857
163,1882
163,1883
163,1332
163,1394
163,1850
163,1841
163,1839
163,1849
163,1881
163,574
163,1837
163,15
163,1880
163,1838
163,1836
163,1527
163,718
163,1840
163,1876
163,1877
163,1878
163,1879
163,1875
164,1892
164,1897
164,1896
164,1895
164,1894
164,1893
164,1891
164,1887
164,1889
164,1888
164,1890
164,1886
164,1885
164,1884
165,1906
165,1339
165,1203
165,1907
165,1908
165,1909
165,1219
165,1910
165,1905
165,1242
165,1217
165,779
165,476
165,1904
165,1212
165,1902
165,1232
165,1208
165,1218
165,1898
165,1900
165,1210
165,1899
165,1220
165,1207
165,1901
165,1241
165,1020
165,1209
165,1903
166,1922
166,1917
166,1921
166,1920
166,1919
166,1918
166,1916
166,1914
166,1913
166,1912
166,1911
166,1915
167,197
167,1937
167,1938
167,1939
167,1940
167,1941
167,1943
167,1944
167,1945
167,1865
167,1946
167,1086
167,1942
167,1698
167,1947
167,1935
167,1923
167,1924
167,1925
167,1926
167,1927
167,1928
167,1936
167,1930
167,1931
167,1932
167,1933
167,1934
167,1929
168,1720
168,1952
168,1950
168,1727
168,1949
168,1721
168,1951
168,1948
168,1723
168,1724
168,1718
168,1725
168,1813
168,1722
169,1968
169,1969
169,1970
169,1971
169,1972
169,1973
169,1250
169,1975
169,1976
169,1977
169,1978
169,1979
169,1980
169,1974
169,32
169,1967
169,1965
169,1966
169,1953
169,1954
169,1955
169,1956
169,1248
169,1957
169,1310
169,1959
169,1960
169,1961
169,1962
169,1963
169,1964
169,1958
170,1990
170,1765
170,1996
170,1995
170,1994
170,1993
170,1992
170,1991
170,1989
170,1986
170,1987
170,1985
170,1984
170,511
170,1983
170,1982
170,1981
170,1988
171,2009
171,2010
171,1916
171,2013
171,1911
171,1919
171,1921
171,2011
171,2012
171,1918
171,1917
171,2008
171,2002
171,2006
171,2005
171,2004
171,2003
171,1914
171,2001
171,2000
171,1999
171,1998
171,1997
171,2007
172,1084
172,2016
172,1720
172,2015
172,2014
172,1723
172,1721
172,1725
172,1718
172,1724
172,1722
173,2026
173,214
173,2032
173,2031
173,2029
173,2028
173,2027
173,2025
173,2030
173,2023
173,2017
173,2018
173,2019
173,2024
173,2020
173,2021
173,2022
174,1950
174,1727
174,1718
174,2039
174,1725
174,2038
174,2037
174,2036
174,2040
174,1724
174,1355
174,2035
174,1723
174,1722
174,1721
174,1720
174,575
174,2034
174,1084
174,2033
174,1952
174,1726
175,2053
175,2054
175,2055
175,2056
175,2052
175,260
175,2057
175,2058
175,1168
175,2051
175,1302
175,2049
175,2041
175,2043
175,2044
175,2045
175,2042
175,2047
175,2048
175,2050
175,2046
176,2066
176,2072
176,2071
176,2070
176,2069
176,2068
176,2067
176,2065
176,2064
176,2063
176,2062
176,2061
176,2060
176,1042
176,2059
176,1968
177,2079
177,2083
177,2082
177,1086
177,2080
177,321
177,2078
177,2081
177,2076
177,2075
177,2074
177,2073
177,958
177,469
177,2077
178,2089
178,2088
178,2086
178,2087
178,2084
178,1712
178,2085
179,2099
179,2105
179,2104
179,2103
179,2102
179,2101
179,2100
179,2106
179,2098
179,2096
179,881
179,2095
179,2094
179,2093
179,2092
179,2091
179,2090
179,2097
180,2126
180,2119
180,2120
180,2121
180,2125
180,2123
180,2124
180,2117
180,2122
180,251
180,2118
180,2115
180,2114
180,2113
180,2112
180,770
180,2111
180,2110
180,2109
180,2108
180,2107
180,2116
182,1527
182,2134
182,2133
182,2132
182,2131
182,1087
182,2129
182,1440
182,2128
182,2127
182,2130
183,2139
183,1627
183,2137
183,2138
183,2135
183,2039
183,2132
183,2136
184,1192
184,294
184,2154
184,1013
184,2153
184,2152
184,2151
184,2150
184,791
184,377
184,2147
184,2149
184,2148
184,2146
184,2145
184,2144
184,2143
184,2142
184,2141
184,2140
184,290
185,2164
185,2165
185,933
185,2170
185,2167
185,2168
185,2169
185,2166
185,94
185,2162
185,2161
185,2160
185,2159
185,2158
185,2157
185,2156
185,2155
185,2163
186,2180
186,2179
186,2178
186,1169
186,2152
186,2177
186,2175
186,2176
186,2173
186,2172
186,2171
186,446
186,15
186,375
186,2174
187,2207
187,2206
187,2178
187,369
187,2203
187,2208
187,619
187,2202
187,2204
187,2209
187,15
187,2211
187,476
187,817
187,2212
187,2213
187,1804
187,2214
187,2215
187,2216
187,2217
187,2218
187,2210
187,696
187,2205
187,2200
187,2201
187,2182
187,2183
187,2184
187,2185
187,2061
187,2186
187,24
187,2187
187,2188
187,2189
187,2181
187,2191
187,2192
187,2193
187,2194
187,2195
187,2196
187,2197
187,2198
187,1102
187,2199
187,2190
189,627
189,2205
189,2244
189,2240
189,2243
189,2242
189,2241
189,2245
189,15
189,579
189,731
189,1242
189,2204
189,2246
189,2247
189,2248
189,2210
189,2207
189,2249
189,2239
189,29
189,2238
189,2211
189,2236
189,24
189,2219
189,2220
189,2221
189,2222
189,2223
189,1439
189,2224
189,2225
189,2218
189,2237
189,2227
189,696
189,2228
189,2229
189,2230
189,2231
189,2232
189,2233
189,2234
189,2226
189,2235
192,2263
192,2264
192,2047
192,2265
192,2266
192,2268
192,2267
192,2039
192,969
192,2262
192,1200
192,2261
192,2258
192,2259
192,2250
192,2251
192,2260
192,1301
192,2252
192,840
192,2254
192,2255
192,2256
192,2257
192,2253
193,2038
193,2278
193,2277
193,1723
193,2276
193,2275
193,2274
193,2273
193,1725
193,2272
193,1721
193,2163
193,2271
193,2270
193,2269
194,2296
194,2297
194,2298
194,2299
194,2300
194,2301
194,2302
194,2305
194,2304
194,2295
194,2306
194,2307
194,2308
194,2309
194,2303
194,2294
194,2291
194,2292
194,2279
194,2280
194,2281
194,2282
194,2283
194,299
194,2293
194,2284
194,1683
194,2286
194,2287
194,2288
194,2289
194,2290
194,2285
195,2315
195,2316
195,2314
195,2310
195,2312
195,2311
195,2313
196,1212
196,2330
196,2329
196,1898
196,1211
196,1339
196,2328
196,2327
196,2326
196,1219
196,2325
196,1216
196,2323
196,2324
196,2317
196,2318
196,2319
196,1905
196,1910
196,779
196,1242
196,2321
196,2322
196,2320
197,2348
197,1911
197,2349
197,2350
197,1985
197,2351
197,2352
197,2353
197,2359
197,2355
197,2356
197,2357
197,2358
197,2360
197,2361
197,2362
197,271
197,2354
197,71
197,2341
197,2346
197,2347
197,967
197,1102
197,2332
197,2333
197,2334
197,2335
197,2336
197,2331
197,1373
197,2338
197,2339
197,2340
197,2342
197,2343
197,2344
197,2345
197,2337
198,2371
198,2370
198,2369
198,2368
198,2367
198,2365
198,2364
198,1544
198,2363
198,2366
199,2278
199,2274
199,2038
199,2273
199,2277
199,2276
199,2372
199,1938
199,2373
199,2121
199,2374
199,2270
199,2275
200,1312
200,2274
200,2275
200,2375
200,2273
200,2278
200,2276
200,2038
200,2277
201,2272
201,2274
201,2038
201,2275
201,2277
201,2381
201,2380
201,2379
201,2273
201,2070
201,2262
201,2377
201,2376
201,2278
201,2276
201,2378
203,2385
203,9
203,2388
203,2386
203,1182
203,2387
203,2383
203,379
203,2384
203,1189
203,2382
204,2393
204,2392
204,2394
204,2390
204,2389
204,2391
205,723
205,2408
205,2406
205,2405
205,253
205,2404
205,2403
205,2402
205,2401
205,2407
205,1168
205,2400
205,2399
205,2398
205,2397
205,1837
205,2396
205,2395
205,1697
205,667
206,2412
206,2411
206,2331
206,2409
206,2410
207,2422
207,601
207,2421
207,2420
207,2419
207,2418
207,1165
207,2417
207,2416
207,2415
207,2414
207,799
207,2413
207,2040
211,2427
211,2426
211,2425
211,2424
211,2423
212,2443
212,2442
212,2441
212,2439
212,2438
212,2437
212,2436
212,2021
212,2440
212,2434
212,2433
212,2432
212,2431
212,2430
212,2429
212,2313
212,2428
212,2435
213,2473
213,2472
213,2471
213,2468
213,2469
213,2018
213,2433
213,2467
213,2470
213,2484
213,2478
213,2475
213,2476
213,2477
213,2479
213,2480
213,2023
213,2481
213,2482
213,2483
213,2466
213,2474
213,2465
213,2454
213,2463
213,2444
213,2445
213,2446
213,2447
213,1951
213,2448
213,2449
213,2464
213,2451
213,2452
213,2450
213,2455
213,2462
213,2453
213,2460
213,997
213,2461
213,2458
213,2457
213,1888
213,2456
213,2459
214,2489
214,2491
214,2068
214,2490
214,2070
214,2488
214,2069
214,2487
214,2360
214,2486
214,1042
214,2485
215,1042
215,2068
215,2500
215,2499
215,2498
215,2491
215,2497
215,2496
215,2495
215,2070
215,2494
215,2493
215,2492
216,2509
216,2508
216,2507
216,2506
216,2505
216,2502
216,2503
216,2501
216,1823
216,2504
217,891
217,1469
217,2524
217,2525
217,2526
217,2527
217,2529
217,2530
217,2531
217,638
217,2532
217,2523
217,2528
217,2522
217,1440
217,2513
217,2510
217,2511
217,2512
217,89
217,682
217,2514
217,2515
217,2517
217,2518
217,2519
217,2520
217,2521
217,2377
217,2516
218,2545
218,2544
218,2546
218,2539
218,2548
218,1739
218,2543
218,2547
218,2542
218,2536
218,1960
218,2540
218,2538
218,2537
218,2535
218,2534
218,2533
218,2541
219,2560
219,2558
219,2559
219,1114
219,2557
219,2562
219,2563
219,2564
219,2565
219,2561
219,2556
219,612
219,2554
219,614
219,2553
219,2555
219,2552
219,1113
219,2551
219,2550
219,1120
219,2549
220,2581
220,2582
220,2583
220,2430
220,2584
220,2585
220,1567
220,2587
220,2472
220,2588
220,2580
220,2589
220,2586
220,2579
220,2590
220,2578
220,2115
220,2566
220,2568
220,2569
220,2570
220,2571
220,2567
220,2573
220,2574
220,2575
220,2576
220,2577
220,2572
221,2598
221,2605
221,2604
221,2603
221,2602
221,2585
221,2601
221,2600
221,2597
221,2599
221,2595
221,413
221,2463
221,2594
221,2588
221,2593
221,2592
221,2591
221,2596
223,2612
223,2613
223,2616
223,1811
223,2615
223,2611
223,2614
223,2479
223,2608
223,2609
223,2481
223,2607
223,225
223,2312
223,2606
223,2610
224,1478
224,2621
224,1480
224,2620
224,2619
224,2618
224,2617
225,2628
225,1486
225,2627
225,2621
225,2626
225,2625
225,2624
225,2623
225,2622
225,1478
226,2634
226,2636
226,680
226,2635
226,2633
226,2632
226,439
226,2631
226,2630
226,403
226,2629
227,2643
227,2642
227,770
227,2641
227,2639
227,2638
227,2637
227,2073
227,2640
228,2649
228,2651
228,2650
228,2648
228,2647
228,2646
228,2645
228,2644
229,2669
229,2668
229,2667
229,2666
229,2665
229,2664
229,2662
229,2661
229,1571
229,2660
229,2663
229,2658
229,2457
229,2657
229,2656
229,2655
229,2654
229,1567
229,2653
229,2652
229,2659
231,2679
231,2680
231,575
231,2681
231,2687
231,2683
231,2685
231,2686
231,2678
231,2682
231,2677
231,2684
231,527
231,2125
231,2670
231,2671
231,2672
231,2673
231,2676
231,1836
231,1527
231,2674
231,185
231,2675
232,2697
232,2696
232,2695
232,2693
232,2692
232,2691
232,2694
232,2641
232,2690
232,2689
232,413
232,2688
232,2211
232,2073
233,2704
233,2702
233,2701
233,2703
233,891
233,2699
233,2700
233,2698
234,2705
234,314
234,2706
234,2707
234,2708
234,2709
235,2713
235,118
235,2409
235,1209
235,958
235,2712
235,1213
235,2711
235,968
235,2379
235,2710
235,1233
236,2720
236,134
236,2410
236,2719
236,2718
236,2717
236,2716
236,2715
236,2714
237,2728
237,1987
237,2726
237,1372
237,2725
237,2727
237,2723
237,2722
237,2721
237,2344
237,2724
238,2750
238,2751
238,2752
238,2753
238,2754
238,414
238,2755
238,2756
238,2757
238,1283
238,2764
238,435
238,2759
238,2760
238,2761
238,2762
238,2763
238,2749
238,2758
238,2748
238,2735
238,2747
238,1179
238,2730
238,2731
238,2732
238,2733
238,2734
238,2641
238,2736
238,2737
238,2729
238,2739
238,2746
238,2745
238,2744
238,2738
238,2742
238,2741
238,2740
238,2743
239,2778
239,2779
239,2780
239,2781
239,2782
239,2783
239,2785
239,2777
239,2786
239,2787
239,2789
239,2790
239,2784
239,2776
239,2788
239,2774
239,2775
239,2766
239,2767
239,245
239,2768
239,2472
239,2765
239,2769
239,2770
239,2771
239,2772
239,2773
239,1726
240,2750
240,2818
240,2759
240,2740
240,2817
240,1179
240,2816
240,2815
240,2814
240,2739
240,2263
240,2748
240,2819
240,2825
240,2744
240,2822
240,2823
240,2824
240,1169
240,2826
240,2827
240,2749
240,2641
240,2761
240,2828
240,2813
240,2820
240,2812
240,2821
240,2811
240,2754
240,2791
240,2792
240,1192
240,2741
240,414
240,2793
240,2795
240,2796
240,2797
240,2798
240,2799
240,2800
240,2794
240,2760
240,2801
240,415
240,2732
240,2809
240,2808
240,2806
240,2807
240,1283
240,2805
240,2804
240,2803
240,2802
240,2810
241,2848
241,2843
241,2845
241,2846
241,2847
241,2849
241,2856
241,2851
241,2852
241,2853
241,2854
241,2855
241,2842
241,2857
241,2850
241,2841
241,2844
241,1407
241,2712
241,2829
241,789
241,2831
241,2832
241,2833
241,2834
241,2830
241,2836
241,2089
241,2837
241,2838
241,2840
241,2839
241,2835
242,2751
242,2867
242,2820
242,2868
242,1283
242,2869
242,2741
242,2870
242,2732
242,2866
242,377
242,2641
242,2863
242,2864
242,2865
242,2858
242,2859
242,2151
242,2860
242,464
242,2861
242,2744
242,2862
242,2764
242,2740
243,2879
243,1581
243,2884
243,2883
243,2882
243,1883
243,2885
243,2881
243,2880
243,2878
243,2711
243,2876
243,2877
243,2871
243,13
243,790
243,2872
243,2873
243,2874
243,2875
244,2894
244,2892
244,1543
244,2891
244,2893
244,2889
244,2888
244,2887
244,2886
244,2890
245,2905
245,2914
245,2913
245,2912
245,2911
245,2910
245,2909
245,2908
245,2907
245,2906
245,2720
245,2899
245,2903
245,1420
245,2902
245,2901
245,2900
245,268
245,2898
245,2897
245,2896
245,2895
245,2904
246,2918
246,2917
246,2916
246,2915
247,2769
247,2930
247,2030
247,2929
247,822
247,2928
247,2730
247,2927
247,2926
247,2925
247,2580
247,2924
247,2589
247,1567
247,2923
247,2922
247,2921
247,2477
247,2920
247,2919
247,2466
248,2944
248,2945
248,2946
248,2947
248,2953
248,2948
248,2951
248,2949
248,2595
248,2950
248,2952
248,2943
248,234
248,2777
248,2938
248,2941
248,2942
248,2931
248,1661
248,2665
248,2932
248,2313
248,2935
248,2934
248,2936
248,2937
248,2933
248,2939
248,2940
249,2963
249,2962
249,2961
249,1460
249,2960
249,2959
249,2958
249,2957
249,2956
249,2955
249,2798
249,2954
249,2796
250,2969
250,2968
250,2967
250,1318
250,2970
250,2966
250,1580
250,2964
250,2090
250,2965
250,1173
251,2272
251,2971
251,125
251,2972
251,2973
251,949
251,2974
252,2983
252,2984
252,2980
252,2986
252,2987
252,2988
252,2985
252,2982
252,2978
252,2981
252,2979
252,2977
252,49
252,2976
252,2975
252,80
253,2995
253,1416
253,2999
253,2998
253,2997
253,2996
253,3000
253,2994
253,2992
253,2993
253,2989
253,1404
253,2991
253,2990
254,710
254,790
254,3020
254,3019
254,3018
254,1442
254,3017
254,3016
254,3014
254,3013
254,3012
254,3015
254,3010
254,3001
254,3011
254,1445
254,3003
254,3004
254,3002
254,3006
254,3007
254,3008
254,3009
254,3005
255,3030
255,3037
255,3036
255,3035
255,3034
255,2265
255,3033
255,3031
255,3029
255,3032
255,3027
255,3026
255,3028
255,1684
255,3025
255,3024
255,3023
255,3022
255,3021
256,1684
256,3038
257,2331
257,3056
257,3055
257,3054
257,3053
257,1411
257,3052
257,2670
257,3051
257,3050
257,3049
257,3047
257,3046
257,3048
257,3040
257,2179
257,3041
257,3039
257,3043
257,3044
257,3045
257,3042
258,3062
258,3067
258,3066
258,3065
258,3064
258,1684
258,3063
258,3061
258,3033
258,3032
258,3036
258,3060
258,3059
258,3058
258,3057
258,3024
259,3036
259,3038
259,1684
259,3069
259,3070
259,3068
259,3071
260,3077
260,3080
260,3079
260,3076
260,3078
260,3074
260,3073
260,3072
260,2481
260,3075
261,1811
261,2581
261,3086
261,3085
261,3084
261,3082
261,3081
261,3083
262,3098
262,3099
262,3100
262,1185
262,3090
262,1192
262,3102
262,3103
262,3097
262,3101
262,3096
262,3089
262,3094
262,3095
262,3088
262,301
262,3087
262,3092
262,3093
262,1184
262,3091
265,3114
265,3110
265,1823
265,3113
265,257
265,3112
265,3111
265,3109
265,2503
265,3108
265,3107
265,2508
265,3106
265,3105
265,3104
265,3115
265,2507
265,3116
266,3121
266,3123
266,3122
266,3120
266,3118
266,3117
266,3119
267,3130
267,3129
267,3128
267,3127
267,1120
267,605
267,3125
267,3124
267,3126
268,2690
268,3139
268,3138
268,300
268,3054
268,273
268,100
268,3137
268,3136
268,3134
268,3135
268,3133
268,3132
268,620
268,2150
268,780
268,3131
268,3118
269,3146
269,3150
269,3149
269,1675
269,3148
269,3147
269,3122
269,3145
269,3144
269,3143
269,3142
269,3063
269,3141
269,3140
271,3151
271,3152
271,3153
271,3154
272,3211
272,3212
272,3213
272,3214
272,3217
272,3215
272,3199
272,3216
272,3210
272,1260
272,3209
272,804
272,1687
272,3208
272,3207
272,3218
272,3206
272,3205
272,3204
272,3203
272,3202
272,3201
272,3200
272,1757
272,3219
272,3241
272,3221
272,3244
272,3243
272,3242
272,3198
272,3240
272,3239
272,3238
272,3237
272,3236
272,3235
272,3234
272,3220
272,3233
272,3231
272,3230
272,3229
272,3228
272,3227
272,3226
272,3225
272,3224
272,3223
272,3222
272,3139
272,3232
272,3197
272,3180
272,3195
272,2683
272,3174
272,3173
272,3172
272,3171
272,3170
272,3169
272,3168
272,3167
272,3166
272,3165
272,3164
272,79
272,3163
272,3162
272,3161
272,3160
272,3159
272,3158
272,3157
272,3156
272,3155
272,3245
272,3175
272,1758
272,3176
272,3177
272,3194
272,809
272,817
272,446
272,477
272,1765
272,287
272,3193
272,3192
272,3191
272,3190
272,3196
272,3189
272,3187
272,3186
272,3185
272,3184
272,274
272,3183
272,3182
272,3181
272,1760
272,3179
272,3178
272,3188
273,3248
273,3247
273,3246
274,3273
274,2690
274,3272
274,3271
274,418
274,3270
274,3269
274,3267
274,3266
274,3265
274,3264
274,2825
274,3263
274,3262
274,3261
274,3268
274,3259
274,3260
274,3249
274,3250
274,3251
274,3252
274,1532
274,1189
274,3253
274,3254
274,3255
274,1190
274,3256
274,3257
274,3258
275,3280
275,3282
275,1396
275,3281
275,3283
275,3279
275,3274
275,3277
275,251
275,1039
275,3276
275,3275
275,3278
276,3289
276,3291
276,3290
276,3288
276,3248
276,3286
276,3285
276,3284
276,3287
277,2334
277,3313
277,3312
277,3311
277,3310
277,3309
277,3308
277,3307
277,3305
277,3304
277,3303
277,3302
277,3306
277,3300
277,3301
277,3292
277,325
277,3294
277,513
277,3293
277,3296
277,1253
277,3297
277,3298
277,3299
277,3295
278,3330
278,3327
278,3328
278,682
278,3329
278,3331
278,3335
278,3333
278,3334
278,1064
278,9
278,3326
278,3332
278,3325
278,3314
278,3323
278,2062
278,767
278,3315
278,3316
278,3324
278,696
278,3317
278,3319
278,3320
278,3321
278,1396
278,3322
278,3318
279,3349
279,3350
279,3351
279,3352
279,3357
279,3354
279,3355
279,3356
279,3348
279,3353
279,3347
279,1301
279,3345
279,3346
279,3336
279,3337
279,92
279,3339
279,3338
279,3341
279,3342
279,3343
279,3344
279,3340
280,1927
280,1308
280,3366
280,729
280,3367
280,3370
280,3368
280,3369
280,1953
280,3365
280,3371
280,2537
280,3364
280,3362
280,1107
280,3358
280,3359
280,3363
280,2548
280,663
280,3360
280,3361
280,2544
280,2269
280,2545
280,714
281,2831
281,2496
281,3378
281,3377
281,2835
281,3375
281,3376
281,3374
281,3373
281,1043
281,3372
284,3392
284,3391
284,3390
284,3389
284,3387
284,3386
284,3385
284,2603
284,3388
284,3384
284,2779
284,3383
284,3382
284,3381
284,3380
284,3379
284,2785
284,2573
285,338
285,337
285,364
285,513
285,348
285,522
285,1668
285,761
285,358
285,346
285,520
285,3394
285,347
285,3393
285,1515
285,511
285,516
285,122
285,359
285,357
285,352
285,360
285,510
285,344
285,2405
285,521
285,351
285,512
285,349
285,355
286,3395
287,3400
287,3399
287,3398
287,3397
287,3135
287,3396
287,1388
288,3420
288,3416
288,3417
288,3418
288,3419
288,3421
288,2480
288,3423
288,3424
288,3425
288,2951
288,3426
288,3427
288,3415
288,3422
288,3414
288,3413
288,2934
288,2662
288,2017
288,3401
288,3402
288,3403
288,3405
288,3406
288,3404
288,3408
288,3409
288,3410
288,3411
288,239
288,2026
288,3412
288,3407
289,3448
289,3442
289,3444
289,3445
289,3446
289,3447
289,3449
289,2705
289,2657
289,3451
289,3452
289,3453
289,3454
289,3455
289,3441
289,3450
289,3440
289,3443
289,3438
289,3439
289,3428
289,1660
289,2316
289,996
289,3429
289,3431
289,3432
289,3430
289,3433
289,2706
289,3434
289,3435
289,3436
289,3437
289,2021
290,3460
290,1039
290,1353
290,1343
290,3461
290,3459
290,3456
290,3457
290,628
290,1348
290,1352
290,3458
291,3462
291,3463
291,3464
292,3471
292,3470
292,3469
292,3465
292,3467
292,3466
292,3472
292,3468
293,3477
293,3476
293,3478
293,3475
293,3479
293,3473
293,574
293,100
293,3474
293,3480
294,3486
294,3487
294,3485
294,3481
294,3483
294,3484
294,3482
296,3488
296,2544
296,3489
296,3490
296,3491
296,3492
296,3493
296,3494
296,2202
296,2548
297,3498
297,3497
297,3496
297,3257
297,574
297,3495
298,1837
298,1838
298,1850
298,1849
298,1394
298,1839
298,1283
298,1836
298,574
298,3506
298,3505
298,1841
298,1877
298,1878
298,3499
298,3500
298,3501
298,1527
298,718
298,1840
298,3503
298,3504
298,3502
299,3515
299,3520
299,1845
299,3519
299,3517
299,3379
299,3516
299,2777
299,3518
299,3513
299,3512
299,3511
299,3510
299,2784
299,3509
299,3508
299,3507
299,3514
300,3529
300,507
300,3528
300,3526
300,3527
300,3524
300,3523
300,3522
300,3521
300,3525
301,3542
301,3543
301,3544
301,3545
301,2025
301,3548
301,3547
301,3421
301,3549
301,3550
301,3541
301,3546
301,3540
301,3539
301,3538
301,3537
301,3536
301,3535
301,3534
301,3513
301,2768
301,2654
301,3533
301,3532
301,3531
301,3530
302,3557
302,3555
302,3554
302,3556
302,3552
302,3551
302,3553
303,3570
303,2602
303,3571
303,3572
303,3573
303,3574
303,2481
303,245
303,3575
303,3576
303,3577
303,3578
303,3579
303,3569
303,2457
303,3568
303,210
303,3566
303,3567
303,3558
303,2433
303,3437
303,3559
303,3560
303,3561
303,3433
303,2665
303,3562
303,2467
303,3563
303,3564
303,3565
303,2435
306,3588
306,3592
306,988
306,990
306,529
306,3591
306,3590
306,3589
306,3587
306,3583
306,3585
306,3584
306,3582
306,3581
306,1331
306,922
306,3580
306,982
306,3586
307,3595
307,3593
307,3594
308,3600
308,3604
308,3603
308,3602
308,3601
308,798
308,2674
308,1552
308,2885
308,3598
308,2723
308,3597
308,3596
308,3599
309,3612
309,2969
309,3611
309,3610
309,3609
309,1171
309,255
309,3608
309,3607
309,3606
309,1579
309,3605
310,3618
310,3617
310,753
310,3616
310,487
310,1840
310,3615
310,3614
310,3613
310,446
311,3627
311,3633
311,3632
311,3631
311,3094
311,3630
311,3629
311,1401
311,3628
311,2732
311,1169
311,3179
311,3619
311,3620
311,3621
311,3622
311,984
311,2053
311,3624
311,3625
311,3626
311,3623
312,3638
312,3642
312,3641
312,3640
312,3639
312,3635
312,3636
312,3634
312,3637
313,3647
313,3650
313,3649
313,3648
313,1368
313,806
313,3645
313,811
313,3644
313,3643
313,3646
314,3672
314,3673
314,3674
314,3675
314,3676
314,3677
314,3678
314,3679
314,3680
314,3682
314,3681
314,3683
314,3684
314,3685
314,3686
314,3687
314,3688
314,3689
314,3671
314,3690
314,3670
314,3657
314,3668
314,2009
314,3651
314,3669
314,3653
314,3654
314,3655
314,3597
314,3656
314,3599
314,3652
314,3659
314,3660
314,3661
314,3662
314,3663
314,3664
314,3665
314,3666
314,3667
314,3658
315,3696
315,3695
315,3694
315,3692
315,3693
315,3691
315,1858
316,3697
316,3698
316,3699
316,911
317,3705
317,3704
317,3703
317,3701
317,3700
317,3702
318,3721
318,321
318,3720
318,3719
318,3718
318,3717
318,2351
318,289
318,3716
318,251
318,3714
318,3715
318,3500
318,3706
318,3707
318,3713
318,1026
318,3708
318,3375
318,3710
318,3711
318,3712
318,1303
318,3709
319,3732
319,3733
319,3734
319,3735
319,990
319,287
319,3726
319,2039
319,3736
319,3737
319,2141
319,413
319,3731
319,447
319,3730
319,3724
319,3729
319,3722
319,3723
319,2693
319,448
319,574
319,2835
319,2838
319,3727
319,3728
319,1182
319,1865
319,3725
320,3745
320,3753
320,3752
320,3751
320,3750
320,3749
320,3748
320,3747
320,3746
320,3744
320,3740
320,804
320,3742
320,3741
320,3739
320,3738
320,680
320,2422
320,1283
320,1804
320,3743
321,3762
321,3766
321,3765
321,3764
321,3763
321,3761
321,3756
321,3759
321,3758
321,3757
321,3755
321,3754
321,3760
322,3778
322,3496
322,3777
322,3776
322,3775
322,3774
322,2093
322,767
322,3773
322,2697
322,3771
322,1109
322,629
322,3770
322,3769
322,3768
322,2859
322,3767
322,3772
326,3787
326,3793
326,3792
326,3791
326,3790
326,3788
326,3786
326,3789
326,3785
326,3784
326,3783
326,2141
326,3782
326,3781
326,3780
326,3779
327,3802
327,2918
327,3801
327,3800
327,3798
327,3799
327,3796
327,3795
327,3321
327,3794
327,3797
329,3812
329,3822
329,3820
329,3819
329,3818
329,3817
329,3816
329,3815
329,3814
329,3813
329,3811
329,3821
329,2328
329,3810
329,940
329,2141
329,3804
329,3803
329,3806
329,3807
329,3808
329,3809
329,3805
330,3830
330,3836
330,3835
330,251
330,3834
330,3833
330,3831
330,3808
330,3816
330,3832
330,3828
330,3829
330,3823
330,1347
330,3824
330,3817
330,3826
330,3804
330,3827
330,3825
331,3819
331,3846
331,3845
331,3844
331,3843
331,3842
331,3275
331,3840
331,3818
331,3839
331,2080
331,3838
331,3837
331,3841
332,3854
332,3858
332,3857
332,3856
332,3855
332,3853
332,3859
332,3851
332,3847
332,3848
332,3852
332,3850
332,3849
333,3860
333,3861
333,3862
333,3863
333,3864
333,3865
333,3866
333,3867
334,3614
334,3878
334,1346
334,3879
334,3884
334,3881
334,3882
334,3883
334,3877
334,1347
334,3880
334,770
334,3875
334,3275
334,883
334,3874
334,3872
334,3871
334,2519
334,3870
334,3869
334,3868
334,377
334,3876
334,3873
335,3890
335,3892
335,3875
335,3891
335,3888
335,3887
335,3886
335,3885
335,3889
336,3901
336,3900
336,3899
336,3898
336,3897
336,3896
336,3895
336,3894
336,3893
336,785
337,3911
337,3910
337,3909
337,3907
337,3908
337,3905
337,3904
337,3903
337,3902
337,3906
338,3919
338,3918
338,3287
338,913
338,3917
338,3915
338,3914
338,3913
338,3912
338,3916
339,3929
339,3928
339,3927
339,3926
339,3925
339,3924
339,3923
339,3921
339,3
339,3920
339,1870
339,866
339,1
339,3922
340,3930
340,476
340,3931
340,3932
342,3940
342,3939
342,3938
342,3937
342,3933
342,3935
342,3934
342,3936
343,3945
343,3946
343,3944
343,3714
343,3942
343,3941
343,3943
344,3953
344,1829
344,3957
344,3956
344,3955
344,3954
344,3952
344,3951
344,1820
344,3950
344,3949
344,3948
344,3947
344,1830
345,3964
345,3965
345,3963
345,3966
345,3967
345,3962
345,3958
345,3960
345,3234
345,3961
345,2092
345,3959
346,3992
346,3991
346,3990
346,3989
346,3981
346,3987
346,3986
346,3985
346,3984
346,3983
346,3982
346,3988
346,3980
346,3978
346,3968
346,3969
346,3979
346,3971
346,3972
346,3970
346,3974
346,3975
346,3976
346,3977
346,3973
347,3993
347,3994
348,3996
348,3644
348,3997
348,2824
348,3000
348,288
348,3995
348,3474
348,1469
349,3905
349,4000
349,4001
349,260
349,3998
349,3999
350,4011
350,4016
350,4015
350,4014
350,4013
350,1632
350,4012
350,2173
350,4010
350,4009
350,4008
350,4007
350,4006
350,4005
350,4004
350,4003
350,4002
363,4031
363,4033
363,4034
363,4035
363,4039
363,4037
363,4038
363,4030
363,4040
363,4036
363,4029
363,4032
363,4027
363,4026
363,4025
363,4028
363,4024
363,4023
363,4022
363,4021
363,4020
363,4019
363,4018
363,4017
364,3133
364,2150
364,786
364,1281
364,3882
364,3736
364,2972
364,4041
364,3132
377,1907
377,4048
377,4047
377,4049
377,348
377,4046
377,3785
377,4043
377,1974
377,4045
377,4044
377,3590
377,4042
377,3492
378,2694
378,3397
378,1348
378,4050
378,3276
378,2137
379,4054
379,4057
379,2856
379,4056
379,4055
379,4053
379,3496
379,1039
379,1353
379,4052
379,1343
379,4051
379,2080
380,4072
380,3803
380,770
380,4071
380,4070
380,1627
380,4069
380,4068
380,4067
380,14
380,4065
380,4064
380,4063
380,1711
380,4062
380,4061
380,4060
380,4059
380,4058
380,4066
381,2571
381,2433
381,4077
381,2457
381,4076
381,4075
381,4074
381,4073
381,2446
381,3406
381,2393
387,1076
387,1657
387,4093
387,3963
387,4092
387,4094
387,4091
387,4090
387,4089
387,4088
387,4081
387,4086
387,4085
387,4084
387,4083
387,4082
387,4080
387,4079
387,3295
387,4078
387,4087
388,4138
388,4127
388,4126
388,4125
388,4123
388,488
388,4124
388,4128
388,4122
388,126
388,4129
388,4131
388,1190
388,2209
388,4130
388,4132
388,4133
388,4134
388,4135
388,2067
388,4136
388,4137
388,1945
388,575
388,4121
388,4109
388,4119
388,4120
388,4095
388,4096
388,4097
388,4099
388,4100
388,4101
388,4102
388,4103
388,4104
388,4105
388,4098
388,4107
388,4106
388,4118
388,4117
388,4115
388,4114
388,4116
388,4112
388,4111
388,4110
388,4108
388,4113
389,4148
389,4144
389,4147
389,4146
389,2752
389,4145
389,3885
389,2460
389,4142
389,4141
389,624
389,4140
389,1884
389,4139
389,4149
389,4143
390,4152
390,4150
390,4151
391,4160
391,4159
391,4158
391,4157
391,3630
391,4155
391,4154
391,443
391,4153
391,4156
392,4169
392,1270
392,883
392,348
392,4173
392,4172
392,4171
392,4170
392,811
392,4165
392,4167
392,4166
392,4164
392,4163
392,4162
392,251
392,4161
392,4168
393,392
393,386
393,384
393,373
393,389
393,385
393,379
393,369
393,371
393,4179
393,376
393,378
393,4177
393,4176
393,368
393,372
393,375
393,2141
393,4175
393,4174
393,367
393,388
393,4178
395,1102
395,4193
395,3194
395,1365
395,4198
395,4194
395,4196
395,4197
395,4192
395,1255
395,2543
395,4195
395,4190
395,4180
395,4191
395,4182
395,4183
395,4184
395,4181
395,4186
395,4187
395,4188
395,4189
395,4185
396,3082
396,4199
396,4200
396,4201
397,4207
397,4206
397,4205
397,1168
397,4203
397,4202
397,4204
398,4216
398,4215
398,4214
398,4213
398,4212
398,1346
398,4211
398,4210
398,185
398,4209
398,1358
398,775
398,4208
398,2094
400,1039
400,4220
400,4139
400,4219
400,717
400,4050
400,3736
400,4217
400,1242
400,4218
400,4221
